CREATE TABLE T_BASIC(ID INT, AGE INT, NAME CHAR, SCORE FLOAT);
SUCCESS
INSERT INTO T_BASIC VALUES(1,1, 'A', 1.0);
SUCCESS
INSERT INTO T_BASIC VALUES(2,2, 'B', 2.0);
SUCCESS
INSERT INTO T_BASIC VALUES(4,4, 'C', 3.0);
SUCCESS
INSERT INTO T_BASIC VALUES(3,3, 'D', 4.0);
SUCCESS
INSERT INTO T_BASIC VALUES(5,5, 'E', 5.5);
SUCCESS
INSERT INTO T_BASIC VALUES(6,6, 'F', 6.6);
SUCCESS
INSERT INTO T_BASIC VALUES(7,7, 'G', 7.7);
SUCCESS

CREATE TABLE CTS AS SELECT * FROM T_BASIC;
SUCCESS
SELECT * FROM CTS;
ID | AGE | NAME | SCORE
1 | 1 | A | 1
2 | 2 | B | 2
4 | 4 | C | 3
3 | 3 | D | 4
5 | 5 | E | 5.5
6 | 6 | F | 6.6
7 | 7 | G | 7.7
CREATE TABLE CTS1 AS SELECT COUNT(ID) FROM T_BASIC;
SUCCESS
SELECT * FROM CTS1;
COUNT(ID)
7
CREATE TABLE CTS1 AS SELECT COUNT(ID) FROM T_BASIC GROUP BY ID;
FAILURE
CREATE TABLE CTS2 AS SELECT COUNT(ID) FROM T_BASIC GROUP BY ID;
SUCCESS
SELECT * FROM CTS2;
COUNT(ID)
1
1
1
1
1
1
1
CREATE TABLE CTS3 AS SELECT MIN(ID) FROM T_BASIC;
SUCCESS
SELECT * FROM CTS3;
MIN(ID)
1
CREATE TABLE CTS4 AS SELECT MAX(ID) FROM T_BASIC;
SUCCESS
SELECT * FROM CTS4;
MAX(ID)
7
CREATE TABLE CTS5 AS SELECT AVG(ID) FROM T_BASIC;
SUCCESS
SELECT * FROM CTS5;
AVG(ID)
4

CREATE TABLE CTS6 AS SELECT ID*2, AGE*3-4, NAME, -SCORE+5 FROM T_BASIC;
SUCCESS
SELECT * FROM CTS6;
ID*2 | AGE*3-4 | NAME | -SCORE+5
2 | -1 | A | 4
4 | 2 | B | 3
8 | 8 | C | 2
6 | 5 | D | 1
10 | 11 | E | -0.5
12 | 14 | F | -1.6
14 | 17 | G | -2.7
