CREATE TABLE LIKE_TABLE(ID INT, NAME CHAR(30));
SUCCESS
INSERT INTO LIKE_TABLE VALUES (0, 'APPLE');
SUCCESS
INSERT INTO LIKE_TABLE VALUES (1, 'PINEAPPLE');
SUCCESS
INSERT INTO LIKE_TABLE VALUES (2, 'ORANGE');
SUCCESS
INSERT INTO LIKE_TABLE VALUES (3, 'STRAWBERRY');
SUCCESS
INSERT INTO LIKE_TABLE VALUES (4, 'COCONUT');
SUCCESS

SELECT * FROM LIKE_TABLE WHERE NAME LIKE 'C%';
ID | NAME
4 | COCONUT
SELECT * FROM LIKE_TABLE WHERE NAME NOT LIKE 'C%';
ID | NAME
0 | APPLE
1 | PINEAPPLE
2 | ORANGE
3 | STRAWBERRY
SELECT * FROM LIKE_TABLE WHERE NAME LIKE 'A%';
ID | NAME
0 | APPLE
SELECT * FROM LIKE_TABLE WHERE NAME LIKE 'C%A';
ID | NAME
SELECT * FROM LIKE_TABLE WHERE NAME NOT LIKE 'C%A';
ID | NAME
0 | APPLE
1 | PINEAPPLE
2 | ORANGE
3 | STRAWBERRY
4 | COCONUT
SELECT * FROM LIKE_TABLE WHERE NAME LIKE 'C_%';
ID | NAME
4 | COCONUT
SELECT * FROM LIKE_TABLE WHERE NAME LIKE 'C%%';
ID | NAME
4 | COCONUT
SELECT * FROM LIKE_TABLE WHERE NAME NOT LIKE 'C%%';
ID | NAME
0 | APPLE
1 | PINEAPPLE
2 | ORANGE
3 | STRAWBERRY
SELECT * FROM LIKE_TABLE WHERE ID LIKE '_';
ID | NAME
0 | APPLE
1 | PINEAPPLE
2 | ORANGE
3 | STRAWBERRY
4 | COCONUT
SELECT * FROM LIKE_TABLE WHERE ID NOT LIKE '_';
ID | NAME
SELECT * FROM LIKE_TABLE WHERE ID LIKE '%';
ID | NAME
0 | APPLE
1 | PINEAPPLE
2 | ORANGE
3 | STRAWBERRY
4 | COCONUT
SELECT * FROM LIKE_TABLE WHERE ID NOT LIKE '%';
ID | NAME
SELECT * FROM LIKE_TABLE WHERE ID LIKE '1';
ID | NAME
1 | PINEAPPLE
SELECT * FROM LIKE_TABLE WHERE ID NOT LIKE '1';
ID | NAME
0 | APPLE
2 | ORANGE
3 | STRAWBERRY
4 | COCONUT
