INITIALIZATION
CREATE TABLE CSQ_1(ID INT, COL1 INT, FEAT1 FLOAT);
SUCCESS
CREATE TABLE CSQ_2(ID INT, COL2 INT, FEAT2 FLOAT);
SUCCESS
CREATE TABLE CSQ_3(ID INT, COL3 INT, FEAT3 FLOAT);
SUCCESS
CREATE TABLE CSQ_4(ID INT, COL4 INT, FEAT4 FLOAT);
SUCCESS

INSERT INTO CSQ_1 VALUES (1, 4, 11.2);
SUCCESS
INSERT INTO CSQ_1 VALUES (2, 2, 12.0);
SUCCESS
INSERT INTO CSQ_1 VALUES (3, 3, 13.5);
SUCCESS
INSERT INTO CSQ_2 VALUES (1, 2, 13.0);
SUCCESS
INSERT INTO CSQ_2 VALUES (2, 7, 10.5);
SUCCESS
INSERT INTO CSQ_2 VALUES (5, 3, 12.6);
SUCCESS
INSERT INTO CSQ_3 VALUES (1, 2, 11.0);
SUCCESS
INSERT INTO CSQ_3 VALUES (3, 6, 16.5);
SUCCESS
INSERT INTO CSQ_3 VALUES (5, 5, 14.6);
SUCCESS
INSERT INTO CSQ_4 VALUES (5, 5, 14.6);
SUCCESS
INSERT INTO CSQ_4 VALUES (5, 5, 14.6);
SUCCESS

1. RETURN MORE THAN 1 LINE
SELECT * FROM CSQ_1 WHERE FEAT1 > (SELECT MIN(CSQ_2.FEAT2) FROM CSQ_2 WHERE CSQ_2.ID IN (SELECT CSQ_3.ID FROM CSQ_3 WHERE CSQ_3.COL3 <> (SELECT CSQ_4.COL4 FROM CSQ_4 WHERE CSQ_4.ID <> CSQ_1.ID)));
FAILURE
