CREATE TABLE T_ALIAS_1(ID INT, COL1 INT, FEAT1 FLOAT);
SUCCESS
CREATE TABLE T_ALIAS_2(ID INT, COL2 INT, FEAT2 FLOAT);
SUCCESS

INSERT INTO T_ALIAS_1 VALUES (1, 4, 11.2);
SUCCESS
INSERT INTO T_ALIAS_1 VALUES (2, 2, 12.0);
SUCCESS
INSERT INTO T_ALIAS_1 VALUES (3, 3, 13.5);
SUCCESS
INSERT INTO T_ALIAS_2 VALUES (1, 2, 13.0);
SUCCESS
INSERT INTO T_ALIAS_2 VALUES (2, 7, 10.5);
SUCCESS
INSERT INTO T_ALIAS_2 VALUES (5, 3, 12.6);
SUCCESS

SELECT ID AS II FROM T_ALIAS_1;
II
1
2
3
SELECT ID II FROM T_ALIAS_1;
II
1
2
3
SELECT ID II, COL1 AS C1 FROM T_ALIAS_1;
II | C1
1 | 4
2 | 2
3 | 3
SELECT ID II, COL1 C1 FROM T_ALIAS_1;
II | C1
1 | 4
2 | 2
3 | 3
SELECT ID II, COL1 C1, FEAT1 AS F1 FROM T_ALIAS_1;
II | C1 | F1
1 | 4 | 11.2
2 | 2 | 12
3 | 3 | 13.5
SELECT ID * 2 + 3 II, COL1 C1, FEAT1 AS F1 FROM T_ALIAS_1;
II | C1 | F1
5 | 4 | 11.2
7 | 2 | 12
9 | 3 | 13.5

SELECT MIN(ID) AS M_ID FROM T_ALIAS_1;
M_ID
1
SELECT MIN(ID) AS M_ID FROM T_ALIAS_1 GROUP BY ID;
M_ID
1
2
3

SELECT T1.ID FROM T_ALIAS_1 T1;
ID
1
2
3

SELECT * FROM T_ALIAS_1 WHERE ID IN (SELECT T_ALIAS_2.ID FROM T_ALIAS_2 WHERE T_ALIAS_2.COL2 >= T_ALIAS_1.COL1);
ID | COL1 | FEAT1
2 | 2 | 12
SELECT * FROM T_ALIAS_1 T1 WHERE ID IN (SELECT T2.ID FROM T_ALIAS_2 T2 WHERE T2.COL2 >= T1.COL1);
ID | COL1 | FEAT1
2 | 2 | 12

SELECT T1.ID AS NUM, T1.COL1 AS AGE, T1.FEAT1, T2.* FROM T_ALIAS_1 T1, T_ALIAS_2 T2 WHERE T1.ID < T2.ID;
NUM | AGE | FEAT1 | T_ALIAS_2.ID | T_ALIAS_2.COL2 | T_ALIAS_2.FEAT2
1 | 4 | 11.2 | 2 | 7 | 10.5
1 | 4 | 11.2 | 5 | 3 | 12.6
2 | 2 | 12 | 5 | 3 | 12.6
3 | 3 | 13.5 | 5 | 3 | 12.6
SELECT * AS ALIAS FROM T_ALIAS_1 T1;
FAILURE
