CREATE TABLE VT1(ID INT, C1 VECTOR(3), C2 VECTOR(3), C3 VECTOR(4));
SUCCESS

INSERT INTO VT1 VALUES(1, '[1,1,1]', '[1,2,3]', '[1,2,3,4]');
SUCCESS
INSERT INTO VT1 VALUES(1, '[ 1.1 ,1.01 ,1.0001 ]', '[0.1,2,3]', '[1,2,3,4]');
SUCCESS

INSERT INTO VT1 VALUES(1, '[1,1,1,3]', '[1,2]', '[1,2]');
FAILURE

SELECT * FROM VT1;
ID | C1 | C2 | C3
1 | [1,1,1] | [1,2,3] | [1,2,3,4]
1 | [1.1,1.01,1] | [0.1,2,3] | [1,2,3,4]
SELECT ID, C1 FROM VT1;
ID | C1
1 | [1,1,1]
1 | [1.1,1.01,1]
SELECT ID, C1, C2, C3 FROM VT1;
ID | C1 | C2 | C3
1 | [1,1,1] | [1,2,3] | [1,2,3,4]
1 | [1.1,1.01,1] | [0.1,2,3] | [1,2,3,4]

SELECT C1 + C2 FROM VT1;
C1 + C2
[2,3,4]
[1.2,3.01,4]
SELECT C1 + C3 FROM VT1;
FAILURE
SELECT C2 + C3 FROM VT1;
FAILURE
SELECT C1 + C2 + C3 FROM VT1;
FAILURE

SELECT C1 - C2 FROM VT1;
C1 - C2
[0,-1,-2]
[1,-0.99,-2]
SELECT C1 - C3 FROM VT1;
FAILURE
SELECT C2 - C3 FROM VT1;
FAILURE
SELECT C1 + C2 - C3 FROM VT1;
FAILURE

SELECT C1 * C2 FROM VT1;
C1 * C2
[1,2,3]
[0.11,2.02,3]
SELECT C1 * C3 FROM VT1;
FAILURE
SELECT C2 * C3 FROM VT1;
FAILURE
SELECT C1 * C2 - C3 FROM VT1;
FAILURE
SELECT C1 * C2 * C3 FROM VT1;
FAILURE

SELECT L2_DISTANCE(C1, C2) FROM VT1;
L2_DISTANCE(C1, C2)
2.24
2.45
SELECT COSINE_DISTANCE(C1, C2) FROM VT1;
COSINE_DISTANCE(C1, C2)
0.07
0.21
SELECT INNER_PRODUCT(C1, C2) FROM VT1;
INNER_PRODUCT(C1, C2)
6
5.13

SELECT L2_DISTANCE(C1, C3) FROM VT1;
FAILURE
SELECT COSINE_DISTANCE(C1, C3) FROM VT1;
FAILURE
SELECT INNER_PRODUCT(C1, C3) FROM VT1;
FAILURE

SELECT L2_DISTANCE(C1, '[1,1,1]') FROM VT1;
L2_DISTANCE(C1, '[1,1,1]')
0
0.1
SELECT L2_DISTANCE(C1, '[1,1,1,1]') FROM VT1;
FAILURE
SELECT COSINE_DISTANCE(C1, '[1,1,1]') FROM VT1;
COSINE_DISTANCE(C1, '[1,1,1]')
0
0
SELECT COSINE_DISTANCE(C1, '[1,1,1,1]') FROM VT1;
FAILURE
SELECT INNER_PRODUCT(C1, '[1,1,1]') FROM VT1;
INNER_PRODUCT(C1, '[1,1,1]')
3
3.11
SELECT INNER_PRODUCT(C1, '[1,1,1,1]') FROM VT1;
FAILURE

SELECT C1 + '[1,1,1]' FROM VT1;
C1 + '[1,1,1]'
[2,2,2]
[2.1,2.01,2]
SELECT C1 + '[1,1,1,1]' FROM VT1;
FAILURE
SELECT C1 - '[1,1,1]' FROM VT1;
C1 - '[1,1,1]'
[0,0,0]
[0.1,0.01,0]
SELECT C1 - '[1,1,1,1]' FROM VT1;
FAILURE
SELECT C1 * '[1,1,1]' FROM VT1;
C1 * '[1,1,1]'
[1,1,1]
[1.1,1.01,1]
SELECT C1 * '[1,1,1,1]' FROM VT1;
FAILURE

SELECT L2_DISTANCE('[1,1,1]', '[1,2,3]') FROM VT1;
L2_DISTANCE('[1,1,1]', '[1,2,3]')
2.24
2.24
SELECT L2_DISTANCE('[1,1,1]', '[1,2,3,4]') FROM VT1;
FAILURE
SELECT COSINE_DISTANCE('[1,1,1]', '[1,2,3]') FROM VT1;
COSINE_DISTANCE('[1,1,1]', '[1,2,3]')
0.07
0.07
SELECT COSINE_DISTANCE('[1,1,1]', '[1,2,3,4]') FROM VT1;
FAILURE
SELECT INNER_PRODUCT('[1,1,1]', '[1,2,3]') FROM VT1;
INNER_PRODUCT('[1,1,1]', '[1,2,3]')
6
6
SELECT INNER_PRODUCT('[1,1,1]', '[1,2,3,4]') FROM VT1;
FAILURE

SELECT '[1,2,3]' - C1 FROM VT1;
'[1,2,3]' - C1
[0,1,2]
[-0.1,0.99,2]
